{
  "project_info": {
    "project_number": "1085906254689",
    "firebase_url": "https://fir-example-afce3.firebaseio.com",
    "project_id": "fir-example-afce3",
    "storage_bucket": "fir-example-afce3.appspot.com"
  },
  "client": [
    {
      "client_info": {
        "mobilesdk_app_id": "1:1085906254689:android:3891f984cfbdc0e3",
        "android_client_info": {
          "package_name": "com.uu.sky.firebaseexample"
        }
      },
      "oauth_client": [
        {
          "client_id": "1085906254689-ifs5b1gfbskn9eugptbjmjbjgfr0ugbp.apps.googleusercontent.com",
          "client_type": 3
        }
      ],
      "api_key": [
        {
          "current_key": "AIzaSyBkFWmw5QnsAqigiu6fttB4fZNY_VFAveQ"
        }
      ],
      "services": {
        "analytics_service": {
          "status": 1
        },
        "appinvite_service": {
          "status": 1,
          "other_platform_oauth_client": []
        },
        "ads_service": {
          "status": 2
        }
      }
    },
    {
      "client_info": {
        "mobilesdk_app_id": "1:1085906254689:android:4e6f67a43093baab",
        "android_client_info": {
          "package_name": "fff.phot.seeker.firebasecrudtest"
        }
      },
      "oauth_client": [
        {
          "client_id": "1085906254689-s533glifd4uld9am4bv17onppgu8knu8.apps.googleusercontent.com",
          "client_type": 1,
          "android_info": {
            "package_name": "fff.phot.seeker.firebasecrudtest",
            "certificate_hash": "3feb493d804117cc291ed4d3337e2b5c4bc5a98e"
          }
        },
        {
          "client_id": "1085906254689-ifs5b1gfbskn9eugptbjmjbjgfr0ugbp.apps.googleusercontent.com",
          "client_type": 3
        }
      ],
      "api_key": [
        {
          "current_key": "AIzaSyBkFWmw5QnsAqigiu6fttB4fZNY_VFAveQ"
        }
      ],
      "services": {
        "analytics_service": {
          "status": 1
        },
        "appinvite_service": {
          "status": 2,
          "other_platform_oauth_client": [
            {
              "client_id": "1085906254689-ifs5b1gfbskn9eugptbjmjbjgfr0ugbp.apps.googleusercontent.com",
              "client_type": 3
            }
          ]
        },
        "ads_service": {
          "status": 2
        }
      }
    },
    {
      "client_info": {
        "mobilesdk_app_id": "1:1085906254689:android:cb730113469cdc3b",
        "android_client_info": {
          "package_name": "sample.android.com.firebaseauthenticationexample"
        }
      },
      "oauth_client": [
        {
          "client_id": "1085906254689-ifs5b1gfbskn9eugptbjmjbjgfr0ugbp.apps.googleusercontent.com",
          "client_type": 3
        }
      ],
      "api_key": [
        {
          "current_key": "AIzaSyBkFWmw5QnsAqigiu6fttB4fZNY_VFAveQ"
        }
      ],
      "services": {
        "analytics_service": {
          "status": 1
        },
        "appinvite_service": {
          "status": 1,
          "other_platform_oauth_client": []
        },
        "ads_service": {
          "status": 2
        }
      }
    },
    {
      "client_info": {
        "mobilesdk_app_id": "1:1085906254689:android:1ccfa3b096330e50",
        "android_client_info": {
          "package_name": "sample.android.com.studentdatabasewithfirebase"
        }
      },
      "oauth_client": [
        {
          "client_id": "1085906254689-bra6211j0nif3ftngv8jpbsthehr5l8p.apps.googleusercontent.com",
          "client_type": 1,
          "android_info": {
            "package_name": "sample.android.com.studentdatabasewithfirebase",
            "certificate_hash": "33ff9fcdceea522ad6fa4c401d79954b4957492f"
          }
        },
        {
          "client_id": "1085906254689-ifs5b1gfbskn9eugptbjmjbjgfr0ugbp.apps.googleusercontent.com",
          "client_type": 3
        }
      ],
      "api_key": [
        {
          "current_key": "AIzaSyBkFWmw5QnsAqigiu6fttB4fZNY_VFAveQ"
        }
      ],
      "services": {
        "analytics_service": {
          "status": 1
        },
        "appinvite_service": {
          "status": 2,
          "other_platform_oauth_client": [
            {
              "client_id": "1085906254689-ifs5b1gfbskn9eugptbjmjbjgfr0ugbp.apps.googleusercontent.com",
              "client_type": 3
            }
          ]
        },
        "ads_service": {
          "status": 2
        }
      }
    }
  ],
  "configuration_version": "1"
}